task_id,task_label,model,seed,feature,importance,importance_type,rank
A_current_drop_full_qos,A,Random forest,42,num__Ping_ms,0.18036504711415302,feature_importance,1
A_current_drop_full_qos,A,Random forest,42,num__Latency_ms,0.16822094294692358,feature_importance,2
A_current_drop_full_qos,A,Random forest,42,num__Jitter_ms,0.12691822472130235,feature_importance,3
A_current_drop_full_qos,A,Random forest,42,num__Signal_Strength_dBm,0.09060767887226319,feature_importance,4
A_current_drop_full_qos,A,Random forest,42,num__Link_Capacity_Downlink_Mbps,0.07496599512275473,feature_importance,5
A_current_drop_full_qos,A,Random forest,42,num__Link_Capacity_Upload_Mbps,0.0554757131385942,feature_importance,6
A_current_drop_full_qos,A,Random forest,42,num__Download_Speed_Mbps,0.044540734691173436,feature_importance,7
A_current_drop_full_qos,A,Random forest,42,cat__Congestion_Level_High,0.03673664630161318,feature_importance,8
A_current_drop_full_qos,A,Random forest,42,num__Data_Usage_MB,0.030663303422024064,feature_importance,9
A_current_drop_full_qos,A,Random forest,42,num__Upload_Speed_Mbps,0.02173685529343621,feature_importance,10
A_current_drop_full_qos,A,Random forest,42,cat__Congestion_Level_Medium,0.01595584384782368,feature_importance,11
A_current_drop_full_qos,A,Random forest,42,cat__Network_Type_5G SA,0.015025373932955867,feature_importance,12
A_current_drop_full_qos,A,Random forest,42,cat__Tower_Load_Heavy,0.011747148305425796,feature_importance,13
A_current_drop_full_qos,A,Random forest,42,num__Distance_to_Tower_km,0.009743451851454369,feature_importance,14
A_current_drop_full_qos,A,Random forest,42,cat__Congestion_Level_Low,0.007976510384878588,feature_importance,15
A_current_drop_full_qos,A,Random forest,42,cat__Network_Type_4G,0.006761719299084649,feature_importance,16
A_current_drop_full_qos,A,Random forest,42,cat__Band_LTE_Anchor,0.006534683097247053,feature_importance,17
A_current_drop_full_qos,A,Random forest,42,cat__Obstruction_Level_High,0.00608033405568167,feature_importance,18
A_current_drop_full_qos,A,Random forest,42,num__Battery_Level_percent,0.006028823398077173,feature_importance,19
A_current_drop_full_qos,A,Random forest,42,cat__Network_Type_5G NSA,0.005453571715758666,feature_importance,20
A_current_drop_full_qos,A,Random forest,42,num__Activity_Factor,0.005413608168715367,feature_importance,21
A_current_drop_full_qos,A,Random forest,42,num__Temperature_C,0.0053696486672109925,feature_importance,22
A_current_drop_full_qos,A,Random forest,42,num__Hour,0.0047068522998021025,feature_importance,23
A_current_drop_full_qos,A,Random forest,42,num__Video_Quality,0.004311490024271907,feature_importance,24
A_current_drop_full_qos,A,Random forest,42,num__Cumulative_Handover_Count,0.004094355672959205,feature_importance,25
A_current_drop_full_qos,A,Random forest,42,num__Connected_Duration_min,0.0034564966010854382,feature_importance,26
A_current_drop_full_qos,A,Random forest,42,cat__Tower_Load_Light,0.002476283013198556,feature_importance,27
A_current_drop_full_qos,A,Random forest,42,num__Is_Indoor,0.0024364298773977867,feature_importance,28
A_current_drop_full_qos,A,Random forest,42,cat__Band_n28,0.0023761318092270834,feature_importance,29
A_current_drop_full_qos,A,Random forest,42,num__Interval_Handover_Count,0.0023533412468207614,feature_importance,30
A_current_drop_full_qos,A,Random forest,42,cat__Band_n78,0.0017331512415400768,feature_importance,31
A_current_drop_full_qos,A,Random forest,42,cat__Movement_Speed_Static,0.0017330361788103453,feature_importance,32
A_current_drop_full_qos,A,Random forest,42,cat__Obstruction_Level_Low,0.0017241209386720947,feature_importance,33
A_current_drop_full_qos,A,Random forest,42,cat__Infrastructure_Profile_Nominal,0.001723079310763714,feature_importance,34
A_current_drop_full_qos,A,Random forest,42,cat__Band_n258,0.0016408153462727426,feature_importance,35
A_current_drop_full_qos,A,Random forest,42,num__VoNR_Enabled,0.0012269923780989557,feature_importance,36
A_current_drop_full_qos,A,Random forest,42,cat__App_Type_Call,0.001122048273595644,feature_importance,37
A_current_drop_full_qos,A,Random forest,42,cat__Operator_Profile_Operator_G,0.0010641725551399103,feature_importance,38
A_current_drop_full_qos,A,Random forest,42,cat__Deployment_Area_Area_F,0.0010373907759282245,feature_importance,39
A_current_drop_full_qos,A,Random forest,42,cat__Tower_Load_Moderate,0.0010123851012945767,feature_importance,40
A_current_drop_full_qos,A,Random forest,42,cat__App_Type_Browse,0.000986710726225926,feature_importance,41
A_current_drop_full_qos,A,Random forest,42,cat__Band_n260,0.0009632746767704974,feature_importance,42
A_current_drop_full_qos,A,Random forest,42,cat__Operator_Profile_Operator_F,0.0009492347520638067,feature_importance,43
A_current_drop_full_qos,A,Random forest,42,cat__Weather_Clear,0.0009319123584693793,feature_importance,44
A_current_drop_full_qos,A,Random forest,42,cat__Movement_Speed_Walking,0.0009281128447215973,feature_importance,45
A_current_drop_full_qos,A,Random forest,42,cat__Infrastructure_Profile_Moderately_Degraded,0.0009233804143416916,feature_importance,46
A_current_drop_full_qos,A,Random forest,42,cat__Deployment_Area_Area_C,0.0008878749631119719,feature_importance,47
A_current_drop_full_qos,A,Random forest,42,cat__App_Type_Gaming,0.0008383478352243101,feature_importance,48
A_current_drop_full_qos,A,Random forest,42,cat__Infrastructure_Profile_Severely_Degraded,0.0008359128542731503,feature_importance,49
A_current_drop_full_qos,A,Random forest,42,num__Is_Weekend,0.0007687408574063228,feature_importance,50
A_current_drop_full_qos,A,Random forest,42,cat__Obstruction_Level_Medium,0.0007635185246950281,feature_importance,51
A_current_drop_full_qos,A,Random forest,42,cat__UE_Capability_Class_Advanced,0.0007589460201524924,feature_importance,52
A_current_drop_full_qos,A,Random forest,42,cat__UE_Capability_Class_Standard,0.0007207919872724841,feature_importance,53
A_current_drop_full_qos,A,Random forest,42,cat__UE_Profile_UE-Advanced,0.0007136872759390315,feature_importance,54
A_current_drop_full_qos,A,Random forest,42,cat__Weather_Foggy,0.0007118505263441554,feature_importance,55
A_current_drop_full_qos,A,Random forest,42,cat__UE_Profile_UE-Basic,0.0007033066129580991,feature_importance,56
A_current_drop_full_qos,A,Random forest,42,cat__Day_of_Week_Friday,0.0006860056995109922,feature_importance,57
A_current_drop_full_qos,A,Random forest,42,cat__UE_Capability_Class_Basic,0.0006573330438904169,feature_importance,58
A_current_drop_full_qos,A,Random forest,42,cat__UE_Profile_UE-Standard,0.0006423744454773951,feature_importance,59
A_current_drop_full_qos,A,Random forest,42,cat__Day_of_Week_Wednesday,0.0006249347335437251,feature_importance,60
A_current_drop_full_qos,A,Random forest,42,cat__App_Type_Streaming,0.0006196982242329729,feature_importance,61
A_current_drop_full_qos,A,Random forest,42,cat__Deployment_Area_Area_D,0.00061836376941585,feature_importance,62
A_current_drop_full_qos,A,Random forest,42,cat__Weather_Rainy,0.0005970743521938246,feature_importance,63
A_current_drop_full_qos,A,Random forest,42,cat__Day_of_Week_Monday,0.0005931561528243425,feature_importance,64
A_current_drop_full_qos,A,Random forest,42,cat__Operator_Profile_Operator_E,0.0005848103571467796,feature_importance,65
A_current_drop_full_qos,A,Random forest,42,cat__Deployment_Area_Area_B,0.0005810655456491651,feature_importance,66
A_current_drop_full_qos,A,Random forest,42,cat__Band_n77,0.0005772841570144201,feature_importance,67
A_current_drop_full_qos,A,Random forest,42,cat__Day_of_Week_Tuesday,0.0005744554812979164,feature_importance,68
A_current_drop_full_qos,A,Random forest,42,cat__Day_of_Week_Saturday,0.0005566244302703677,feature_importance,69
A_current_drop_full_qos,A,Random forest,42,cat__Deployment_Area_Area_E,0.0005461624461671143,feature_importance,70
A_current_drop_full_qos,A,Random forest,42,cat__Day_of_Week_Thursday,0.0004940018497708679,feature_importance,71
A_current_drop_full_qos,A,Random forest,42,cat__Deployment_Area_Area_A,0.0004914460556491909,feature_importance,72
A_current_drop_full_qos,A,Random forest,42,cat__Day_of_Week_Sunday,0.0004897271432517958,feature_importance,73
A_current_drop_full_qos,A,Random forest,42,cat__Movement_Speed_Driving,0.0004628919739716081,feature_importance,74
A_current_drop_full_qos,A,Random forest,42,cat__Operator_Profile_Operator_B,0.0004495675864450216,feature_importance,75
A_current_drop_full_qos,A,Random forest,42,cat__Operator_Profile_Operator_H,0.0004491074477551107,feature_importance,76
A_current_drop_full_qos,A,Random forest,42,cat__Operator_Profile_Operator_A,0.00038809644363714096,feature_importance,77
A_current_drop_full_qos,A,Random forest,42,cat__Operator_Profile_Operator_I,0.0003280045348600651,feature_importance,78
A_current_drop_full_qos,A,Random forest,42,cat__Operator_Profile_Operator_L,0.00026994042692273505,feature_importance,79
A_current_drop_full_qos,A,Random forest,42,cat__Band_n257,0.0002640041303236235,feature_importance,80
A_current_drop_full_qos,A,Random forest,42,cat__Operator_Profile_Operator_C,0.000247307462466314,feature_importance,81
A_current_drop_full_qos,A,Random forest,42,cat__Band_n41,0.00024391525117169936,feature_importance,82
A_current_drop_full_qos,A,Random forest,42,cat__Operator_Profile_Operator_K,0.0002346654318761628,feature_importance,83
A_current_drop_full_qos,A,Random forest,42,cat__Band_n79,0.00021846546474267413,feature_importance,84
A_current_drop_full_qos,A,Random forest,42,cat__Operator_Profile_Operator_J,0.00021380401161681385,feature_importance,85
A_current_drop_full_qos,A,Random forest,42,cat__Operator_Profile_Operator_M,0.00018734730589043178,feature_importance,86
A_current_drop_full_qos,A,Random forest,42,cat__Operator_Profile_Operator_D,0.00017233041761253437,feature_importance,87
A_current_drop_full_qos,A,Random forest,42,cat__Area_Type_Urban,0.0,feature_importance,88
A_current_drop_full_qos,A,Random forest,52,num__Ping_ms,0.1682679280251827,feature_importance,1
A_current_drop_full_qos,A,Random forest,52,num__Jitter_ms,0.15103808091420387,feature_importance,2
A_current_drop_full_qos,A,Random forest,52,num__Latency_ms,0.15060450479026863,feature_importance,3
A_current_drop_full_qos,A,Random forest,52,num__Link_Capacity_Downlink_Mbps,0.09889901152786824,feature_importance,4
A_current_drop_full_qos,A,Random forest,52,num__Signal_Strength_dBm,0.06586985184210371,feature_importance,5
A_current_drop_full_qos,A,Random forest,52,num__Link_Capacity_Upload_Mbps,0.06465184232488899,feature_importance,6
A_current_drop_full_qos,A,Random forest,52,num__Download_Speed_Mbps,0.04103289186211623,feature_importance,7
A_current_drop_full_qos,A,Random forest,52,cat__Congestion_Level_High,0.03542753823162078,feature_importance,8
A_current_drop_full_qos,A,Random forest,52,num__Data_Usage_MB,0.03317037002667074,feature_importance,9
A_current_drop_full_qos,A,Random forest,52,num__Upload_Speed_Mbps,0.020475384766982442,feature_importance,10
A_current_drop_full_qos,A,Random forest,52,cat__Network_Type_5G SA,0.015336082279788674,feature_importance,11
A_current_drop_full_qos,A,Random forest,52,cat__Congestion_Level_Medium,0.013429021625595417,feature_importance,12
A_current_drop_full_qos,A,Random forest,52,num__Distance_to_Tower_km,0.010988600635151752,feature_importance,13
A_current_drop_full_qos,A,Random forest,52,cat__Congestion_Level_Low,0.01037834098944742,feature_importance,14
A_current_drop_full_qos,A,Random forest,52,cat__Tower_Load_Heavy,0.009515655697608436,feature_importance,15
A_current_drop_full_qos,A,Random forest,52,cat__Band_LTE_Anchor,0.008600509766024987,feature_importance,16
A_current_drop_full_qos,A,Random forest,52,num__Video_Quality,0.00821828119272174,feature_importance,17
A_current_drop_full_qos,A,Random forest,52,cat__Network_Type_4G,0.006999739507208897,feature_importance,18
A_current_drop_full_qos,A,Random forest,52,cat__Obstruction_Level_High,0.0060052695576503145,feature_importance,19
A_current_drop_full_qos,A,Random forest,52,num__Battery_Level_percent,0.0056356983311527655,feature_importance,20
A_current_drop_full_qos,A,Random forest,52,num__Activity_Factor,0.005085067694870492,feature_importance,21
A_current_drop_full_qos,A,Random forest,52,num__Temperature_C,0.004872078830099255,feature_importance,22
A_current_drop_full_qos,A,Random forest,52,num__Hour,0.004319529482383713,feature_importance,23
A_current_drop_full_qos,A,Random forest,52,num__Is_Indoor,0.003944443277547033,feature_importance,24
A_current_drop_full_qos,A,Random forest,52,num__Cumulative_Handover_Count,0.0038058831418606664,feature_importance,25
A_current_drop_full_qos,A,Random forest,52,cat__Network_Type_5G NSA,0.003701610453194392,feature_importance,26
A_current_drop_full_qos,A,Random forest,52,num__Connected_Duration_min,0.0032409884946604586,feature_importance,27
A_current_drop_full_qos,A,Random forest,52,cat__Tower_Load_Light,0.0028864462362952975,feature_importance,28
A_current_drop_full_qos,A,Random forest,52,num__Interval_Handover_Count,0.002493194989732,feature_importance,29
A_current_drop_full_qos,A,Random forest,52,cat__Band_n78,0.0024896839116125614,feature_importance,30
A_current_drop_full_qos,A,Random forest,52,cat__Band_n28,0.002119005473389678,feature_importance,31
A_current_drop_full_qos,A,Random forest,52,num__VoNR_Enabled,0.0018756211357006207,feature_importance,32
A_current_drop_full_qos,A,Random forest,52,cat__Band_n258,0.0017541248559463107,feature_importance,33
A_current_drop_full_qos,A,Random forest,52,cat__Obstruction_Level_Low,0.0016669114336149674,feature_importance,34
A_current_drop_full_qos,A,Random forest,52,cat__Movement_Speed_Static,0.0012511380071549747,feature_importance,35
A_current_drop_full_qos,A,Random forest,52,cat__Band_n260,0.0012388528446122431,feature_importance,36
A_current_drop_full_qos,A,Random forest,52,cat__Infrastructure_Profile_Nominal,0.0011377404266770474,feature_importance,37
A_current_drop_full_qos,A,Random forest,52,cat__Tower_Load_Moderate,0.0011319194513686175,feature_importance,38
A_current_drop_full_qos,A,Random forest,52,cat__Deployment_Area_Area_C,0.0009870774058763794,feature_importance,39
A_current_drop_full_qos,A,Random forest,52,cat__Movement_Speed_Walking,0.0009833472690888897,feature_importance,40
A_current_drop_full_qos,A,Random forest,52,cat__Operator_Profile_Operator_F,0.0009781589335451533,feature_importance,41
A_current_drop_full_qos,A,Random forest,52,cat__Weather_Clear,0.0009047595893251133,feature_importance,42
A_current_drop_full_qos,A,Random forest,52,cat__Obstruction_Level_Medium,0.0007956442772595207,feature_importance,43
A_current_drop_full_qos,A,Random forest,52,cat__App_Type_Call,0.0007819279970178751,feature_importance,44
A_current_drop_full_qos,A,Random forest,52,cat__Operator_Profile_Operator_G,0.0007556357522927067,feature_importance,45
A_current_drop_full_qos,A,Random forest,52,cat__Deployment_Area_Area_F,0.0007504418858077709,feature_importance,46
A_current_drop_full_qos,A,Random forest,52,cat__UE_Profile_UE-Advanced,0.0007501368510264733,feature_importance,47
A_current_drop_full_qos,A,Random forest,52,cat__App_Type_Gaming,0.000737082806400358,feature_importance,48
A_current_drop_full_qos,A,Random forest,52,cat__UE_Profile_UE-Basic,0.0007260127518725314,feature_importance,49
A_current_drop_full_qos,A,Random forest,52,cat__App_Type_Browse,0.0006962201846601586,feature_importance,50
A_current_drop_full_qos,A,Random forest,52,cat__UE_Capability_Class_Basic,0.0006961620586252365,feature_importance,51
A_current_drop_full_qos,A,Random forest,52,cat__Weather_Foggy,0.0006877130774640188,feature_importance,52
A_current_drop_full_qos,A,Random forest,52,num__Is_Weekend,0.000676181599748255,feature_importance,53
A_current_drop_full_qos,A,Random forest,52,cat__Deployment_Area_Area_B,0.0006658267932507678,feature_importance,54
A_current_drop_full_qos,A,Random forest,52,cat__UE_Profile_UE-Standard,0.0006579072079546201,feature_importance,55
A_current_drop_full_qos,A,Random forest,52,cat__Infrastructure_Profile_Moderately_Degraded,0.0006405848169720898,feature_importance,56
A_current_drop_full_qos,A,Random forest,52,cat__UE_Capability_Class_Standard,0.0006150463371983551,feature_importance,57
A_current_drop_full_qos,A,Random forest,52,cat__Weather_Rainy,0.0006133866707159959,feature_importance,58
A_current_drop_full_qos,A,Random forest,52,cat__Day_of_Week_Monday,0.000606711681477102,feature_importance,59
A_current_drop_full_qos,A,Random forest,52,cat__Operator_Profile_Operator_A,0.0006061832890821085,feature_importance,60
A_current_drop_full_qos,A,Random forest,52,cat__App_Type_Streaming,0.0005771942159580909,feature_importance,61
A_current_drop_full_qos,A,Random forest,52,cat__Deployment_Area_Area_A,0.000560478788845252,feature_importance,62
A_current_drop_full_qos,A,Random forest,52,cat__Day_of_Week_Friday,0.0005515673148394146,feature_importance,63
A_current_drop_full_qos,A,Random forest,52,cat__Day_of_Week_Thursday,0.0005210084049401453,feature_importance,64
A_current_drop_full_qos,A,Random forest,52,cat__UE_Capability_Class_Advanced,0.0005201225559460074,feature_importance,65
A_current_drop_full_qos,A,Random forest,52,cat__Day_of_Week_Wednesday,0.0005159536258749046,feature_importance,66
A_current_drop_full_qos,A,Random forest,52,cat__Day_of_Week_Tuesday,0.0005154878215385128,feature_importance,67
A_current_drop_full_qos,A,Random forest,52,cat__Day_of_Week_Saturday,0.0005027880487225091,feature_importance,68
A_current_drop_full_qos,A,Random forest,52,cat__Deployment_Area_Area_E,0.0004991880050605221,feature_importance,69
A_current_drop_full_qos,A,Random forest,52,cat__Deployment_Area_Area_D,0.0004909724252850851,feature_importance,70
A_current_drop_full_qos,A,Random forest,52,cat__Operator_Profile_Operator_E,0.00046740738674813474,feature_importance,71
A_current_drop_full_qos,A,Random forest,52,cat__Day_of_Week_Sunday,0.00045447392355874033,feature_importance,72
A_current_drop_full_qos,A,Random forest,52,cat__Infrastructure_Profile_Severely_Degraded,0.00041883207744284923,feature_importance,73
A_current_drop_full_qos,A,Random forest,52,cat__Band_n77,0.00038190359315351345,feature_importance,74
A_current_drop_full_qos,A,Random forest,52,cat__Operator_Profile_Operator_I,0.00037246836364906836,feature_importance,75
A_current_drop_full_qos,A,Random forest,52,cat__Operator_Profile_Operator_B,0.00036606813244025423,feature_importance,76
A_current_drop_full_qos,A,Random forest,52,cat__Movement_Speed_Driving,0.00033948553444610656,feature_importance,77
A_current_drop_full_qos,A,Random forest,52,cat__Operator_Profile_Operator_L,0.00029940201754055163,feature_importance,78
A_current_drop_full_qos,A,Random forest,52,cat__Band_n41,0.0002667726157814019,feature_importance,79
A_current_drop_full_qos,A,Random forest,52,cat__Operator_Profile_Operator_M,0.000261379446622788,feature_importance,80
A_current_drop_full_qos,A,Random forest,52,cat__Operator_Profile_Operator_J,0.00026116784236797656,feature_importance,81
A_current_drop_full_qos,A,Random forest,52,cat__Band_n257,0.00025295166644102374,feature_importance,82
A_current_drop_full_qos,A,Random forest,52,cat__Operator_Profile_Operator_H,0.00021052373781218437,feature_importance,83
A_current_drop_full_qos,A,Random forest,52,cat__Operator_Profile_Operator_D,0.00019905596908375637,feature_importance,84
A_current_drop_full_qos,A,Random forest,52,cat__Operator_Profile_Operator_K,0.0001665375826079756,feature_importance,85
A_current_drop_full_qos,A,Random forest,52,cat__Operator_Profile_Operator_C,0.00014120612597381098,feature_importance,86
A_current_drop_full_qos,A,Random forest,52,cat__Band_n79,1.4609505680828046e-05,feature_importance,87
A_current_drop_full_qos,A,Random forest,52,cat__Area_Type_Urban,0.0,feature_importance,88
A_current_drop_full_qos,A,Random forest,62,num__Ping_ms,0.18740106608360843,feature_importance,1
A_current_drop_full_qos,A,Random forest,62,num__Latency_ms,0.18325927542422024,feature_importance,2
A_current_drop_full_qos,A,Random forest,62,num__Jitter_ms,0.09454116310210971,feature_importance,3
A_current_drop_full_qos,A,Random forest,62,num__Link_Capacity_Downlink_Mbps,0.09351566284970854,feature_importance,4
A_current_drop_full_qos,A,Random forest,62,num__Signal_Strength_dBm,0.08489040306999958,feature_importance,5
A_current_drop_full_qos,A,Random forest,62,num__Link_Capacity_Upload_Mbps,0.06384261832530376,feature_importance,6
A_current_drop_full_qos,A,Random forest,62,num__Data_Usage_MB,0.031191480003656923,feature_importance,7
A_current_drop_full_qos,A,Random forest,62,cat__Congestion_Level_High,0.030163120697260255,feature_importance,8
A_current_drop_full_qos,A,Random forest,62,cat__Congestion_Level_Medium,0.02513839044781902,feature_importance,9
A_current_drop_full_qos,A,Random forest,62,num__Download_Speed_Mbps,0.02436191080760954,feature_importance,10
A_current_drop_full_qos,A,Random forest,62,num__Upload_Speed_Mbps,0.02286629314187224,feature_importance,11
A_current_drop_full_qos,A,Random forest,62,cat__Network_Type_5G SA,0.01900579063821631,feature_importance,12
A_current_drop_full_qos,A,Random forest,62,cat__Congestion_Level_Low,0.012098591230512806,feature_importance,13
A_current_drop_full_qos,A,Random forest,62,num__Distance_to_Tower_km,0.01080969584676791,feature_importance,14
A_current_drop_full_qos,A,Random forest,62,cat__Tower_Load_Heavy,0.009791147935127385,feature_importance,15
A_current_drop_full_qos,A,Random forest,62,num__Battery_Level_percent,0.005934839339035351,feature_importance,16
A_current_drop_full_qos,A,Random forest,62,num__Activity_Factor,0.00589295108359768,feature_importance,17
A_current_drop_full_qos,A,Random forest,62,num__Temperature_C,0.0053484416540184815,feature_importance,18
A_current_drop_full_qos,A,Random forest,62,num__Is_Indoor,0.004960174890718426,feature_importance,19
A_current_drop_full_qos,A,Random forest,62,cat__Obstruction_Level_High,0.004932895751005721,feature_importance,20
A_current_drop_full_qos,A,Random forest,62,cat__Band_LTE_Anchor,0.004907642031412301,feature_importance,21
A_current_drop_full_qos,A,Random forest,62,num__Hour,0.004874155194522065,feature_importance,22
A_current_drop_full_qos,A,Random forest,62,num__Video_Quality,0.004705142410401166,feature_importance,23
A_current_drop_full_qos,A,Random forest,62,cat__Network_Type_4G,0.0044028692477408975,feature_importance,24
A_current_drop_full_qos,A,Random forest,62,cat__Network_Type_5G NSA,0.004390669555776674,feature_importance,25
A_current_drop_full_qos,A,Random forest,62,num__Cumulative_Handover_Count,0.004123273720761473,feature_importance,26
A_current_drop_full_qos,A,Random forest,62,num__Connected_Duration_min,0.0035838564234332254,feature_importance,27
A_current_drop_full_qos,A,Random forest,62,cat__Tower_Load_Light,0.0032815558621429905,feature_importance,28
A_current_drop_full_qos,A,Random forest,62,cat__Band_n28,0.002572331287098976,feature_importance,29
A_current_drop_full_qos,A,Random forest,62,num__Interval_Handover_Count,0.002365124525754297,feature_importance,30
A_current_drop_full_qos,A,Random forest,62,cat__Band_n78,0.002258757913541135,feature_importance,31
A_current_drop_full_qos,A,Random forest,62,cat__Obstruction_Level_Low,0.0019837043722665147,feature_importance,32
A_current_drop_full_qos,A,Random forest,62,cat__Band_n258,0.0016629159439805765,feature_importance,33
A_current_drop_full_qos,A,Random forest,62,cat__Infrastructure_Profile_Nominal,0.0015679451588494224,feature_importance,34
A_current_drop_full_qos,A,Random forest,62,num__VoNR_Enabled,0.0013307993353338197,feature_importance,35
A_current_drop_full_qos,A,Random forest,62,cat__Tower_Load_Moderate,0.0011902670902128115,feature_importance,36
A_current_drop_full_qos,A,Random forest,62,cat__Movement_Speed_Static,0.001137670322689238,feature_importance,37
A_current_drop_full_qos,A,Random forest,62,cat__Weather_Clear,0.0010963873766015064,feature_importance,38
A_current_drop_full_qos,A,Random forest,62,cat__Band_n260,0.0010236759492552314,feature_importance,39
A_current_drop_full_qos,A,Random forest,62,cat__Movement_Speed_Walking,0.0010157537431342823,feature_importance,40
A_current_drop_full_qos,A,Random forest,62,cat__Infrastructure_Profile_Moderately_Degraded,0.0009700664316440551,feature_importance,41
A_current_drop_full_qos,A,Random forest,62,cat__Operator_Profile_Operator_F,0.000969964997280283,feature_importance,42
A_current_drop_full_qos,A,Random forest,62,cat__Deployment_Area_Area_C,0.0009335153489478818,feature_importance,43
A_current_drop_full_qos,A,Random forest,62,cat__App_Type_Browse,0.000854665804247963,feature_importance,44
A_current_drop_full_qos,A,Random forest,62,cat__App_Type_Call,0.0008432335064575653,feature_importance,45
A_current_drop_full_qos,A,Random forest,62,cat__UE_Capability_Class_Advanced,0.0008354426765435143,feature_importance,46
A_current_drop_full_qos,A,Random forest,62,cat__Operator_Profile_Operator_G,0.0008293720800477168,feature_importance,47
A_current_drop_full_qos,A,Random forest,62,cat__Weather_Rainy,0.0007933188367132968,feature_importance,48
A_current_drop_full_qos,A,Random forest,62,cat__Obstruction_Level_Medium,0.00079081261720407,feature_importance,49
A_current_drop_full_qos,A,Random forest,62,cat__UE_Capability_Class_Standard,0.0007874249997049624,feature_importance,50
A_current_drop_full_qos,A,Random forest,62,cat__App_Type_Streaming,0.0007856450692257064,feature_importance,51
A_current_drop_full_qos,A,Random forest,62,cat__UE_Profile_UE-Standard,0.0007638307551363434,feature_importance,52
A_current_drop_full_qos,A,Random forest,62,cat__UE_Profile_UE-Advanced,0.0007103146504652864,feature_importance,53
A_current_drop_full_qos,A,Random forest,62,cat__App_Type_Gaming,0.000706905745472552,feature_importance,54
A_current_drop_full_qos,A,Random forest,62,num__Is_Weekend,0.000686406696727169,feature_importance,55
A_current_drop_full_qos,A,Random forest,62,cat__Day_of_Week_Friday,0.0006806061094149367,feature_importance,56
A_current_drop_full_qos,A,Random forest,62,cat__Day_of_Week_Thursday,0.0006787622417269574,feature_importance,57
A_current_drop_full_qos,A,Random forest,62,cat__Weather_Foggy,0.0006491142204971388,feature_importance,58
A_current_drop_full_qos,A,Random forest,62,cat__Deployment_Area_Area_F,0.0006457471956504919,feature_importance,59
A_current_drop_full_qos,A,Random forest,62,cat__UE_Capability_Class_Basic,0.0006388763371971865,feature_importance,60
A_current_drop_full_qos,A,Random forest,62,cat__Deployment_Area_Area_B,0.0006319423647919751,feature_importance,61
A_current_drop_full_qos,A,Random forest,62,cat__Deployment_Area_Area_A,0.0006038522962931553,feature_importance,62
A_current_drop_full_qos,A,Random forest,62,cat__UE_Profile_UE-Basic,0.0005895610003093106,feature_importance,63
A_current_drop_full_qos,A,Random forest,62,cat__Day_of_Week_Monday,0.0005779408324878992,feature_importance,64
A_current_drop_full_qos,A,Random forest,62,cat__Infrastructure_Profile_Severely_Degraded,0.0005691790143260258,feature_importance,65
A_current_drop_full_qos,A,Random forest,62,cat__Band_n77,0.000543594235627772,feature_importance,66
A_current_drop_full_qos,A,Random forest,62,cat__Operator_Profile_Operator_E,0.0005402984829452016,feature_importance,67
A_current_drop_full_qos,A,Random forest,62,cat__Day_of_Week_Tuesday,0.0005301507571795055,feature_importance,68
A_current_drop_full_qos,A,Random forest,62,cat__Day_of_Week_Sunday,0.0005293310368326398,feature_importance,69
A_current_drop_full_qos,A,Random forest,62,cat__Day_of_Week_Wednesday,0.0005173892888379856,feature_importance,70
A_current_drop_full_qos,A,Random forest,62,cat__Deployment_Area_Area_E,0.0005065503171031433,feature_importance,71
A_current_drop_full_qos,A,Random forest,62,cat__Deployment_Area_Area_D,0.0005054314568648281,feature_importance,72
A_current_drop_full_qos,A,Random forest,62,cat__Day_of_Week_Saturday,0.0004948482279337338,feature_importance,73
A_current_drop_full_qos,A,Random forest,62,cat__Operator_Profile_Operator_A,0.00046189220039963194,feature_importance,74
A_current_drop_full_qos,A,Random forest,62,cat__Operator_Profile_Operator_B,0.00037475284566272984,feature_importance,75
A_current_drop_full_qos,A,Random forest,62,cat__Movement_Speed_Driving,0.0003429783950585133,feature_importance,76
A_current_drop_full_qos,A,Random forest,62,cat__Operator_Profile_Operator_I,0.0003185514019717607,feature_importance,77
A_current_drop_full_qos,A,Random forest,62,cat__Operator_Profile_Operator_H,0.0003032680692314238,feature_importance,78
A_current_drop_full_qos,A,Random forest,62,cat__Band_n257,0.00030259805726566384,feature_importance,79
A_current_drop_full_qos,A,Random forest,62,cat__Operator_Profile_Operator_J,0.00028553610529121636,feature_importance,80
A_current_drop_full_qos,A,Random forest,62,cat__Operator_Profile_Operator_K,0.0002835227487974539,feature_importance,81
A_current_drop_full_qos,A,Random forest,62,cat__Operator_Profile_Operator_D,0.0002695810555134399,feature_importance,82
A_current_drop_full_qos,A,Random forest,62,cat__Operator_Profile_Operator_M,0.0002494353793500472,feature_importance,83
A_current_drop_full_qos,A,Random forest,62,cat__Operator_Profile_Operator_C,0.00022749873092761764,feature_importance,84
A_current_drop_full_qos,A,Random forest,62,cat__Band_n41,0.00021940331655027648,feature_importance,85
A_current_drop_full_qos,A,Random forest,62,cat__Operator_Profile_Operator_L,0.00021794579276005055,feature_importance,86
A_current_drop_full_qos,A,Random forest,62,cat__Band_n79,2.8530482304942196e-05,feature_importance,87
A_current_drop_full_qos,A,Random forest,62,cat__Area_Type_Urban,0.0,feature_importance,88
B_future_drop_full_current_qos,B,Random forest,42,num__Ping_ms,0.08215895741966794,feature_importance,1
B_future_drop_full_current_qos,B,Random forest,42,num__Link_Capacity_Upload_Mbps,0.07905548490240401,feature_importance,2
B_future_drop_full_current_qos,B,Random forest,42,num__Signal_Strength_dBm,0.07150093796671739,feature_importance,3
B_future_drop_full_current_qos,B,Random forest,42,num__Link_Capacity_Downlink_Mbps,0.07095392413128246,feature_importance,4
B_future_drop_full_current_qos,B,Random forest,42,num__Latency_ms,0.06947609312553384,feature_importance,5
B_future_drop_full_current_qos,B,Random forest,42,cat__Network_Type_5G SA,0.046444219635731844,feature_importance,6
B_future_drop_full_current_qos,B,Random forest,42,num__Download_Speed_Mbps,0.04510685275474051,feature_importance,7
B_future_drop_full_current_qos,B,Random forest,42,num__Jitter_ms,0.04068015127340574,feature_importance,8
B_future_drop_full_current_qos,B,Random forest,42,num__Distance_to_Tower_km,0.04014846415042441,feature_importance,9
B_future_drop_full_current_qos,B,Random forest,42,num__Data_Usage_MB,0.039734596081256894,feature_importance,10
B_future_drop_full_current_qos,B,Random forest,42,num__Upload_Speed_Mbps,0.030122835568718854,feature_importance,11
B_future_drop_full_current_qos,B,Random forest,42,num__Battery_Level_percent,0.026182589514217557,feature_importance,12
B_future_drop_full_current_qos,B,Random forest,42,num__Temperature_C,0.025205248125374207,feature_importance,13
B_future_drop_full_current_qos,B,Random forest,42,num__Activity_Factor,0.02447728231412942,feature_importance,14
B_future_drop_full_current_qos,B,Random forest,42,num__Hour,0.020999551703242903,feature_importance,15
B_future_drop_full_current_qos,B,Random forest,42,num__Connected_Duration_min,0.014908191692905646,feature_importance,16
B_future_drop_full_current_qos,B,Random forest,42,cat__Obstruction_Level_High,0.014629540192388086,feature_importance,17
B_future_drop_full_current_qos,B,Random forest,42,num__Cumulative_Handover_Count,0.014465431364393088,feature_importance,18
B_future_drop_full_current_qos,B,Random forest,42,cat__Band_LTE_Anchor,0.014341100661846597,feature_importance,19
B_future_drop_full_current_qos,B,Random forest,42,cat__Network_Type_5G NSA,0.013752957810420702,feature_importance,20
B_future_drop_full_current_qos,B,Random forest,42,cat__Network_Type_4G,0.012322562687854284,feature_importance,21
B_future_drop_full_current_qos,B,Random forest,42,num__Video_Quality,0.008692799875349402,feature_importance,22
B_future_drop_full_current_qos,B,Random forest,42,num__Interval_Handover_Count,0.008156032014719193,feature_importance,23
B_future_drop_full_current_qos,B,Random forest,42,num__Is_Indoor,0.00789283439262401,feature_importance,24
B_future_drop_full_current_qos,B,Random forest,42,cat__Band_n28,0.006733320490273406,feature_importance,25
B_future_drop_full_current_qos,B,Random forest,42,cat__Obstruction_Level_Low,0.005318717666483484,feature_importance,26
B_future_drop_full_current_qos,B,Random forest,42,cat__Congestion_Level_High,0.005246133606629229,feature_importance,27
B_future_drop_full_current_qos,B,Random forest,42,cat__Weather_Clear,0.0044014397379175205,feature_importance,28
B_future_drop_full_current_qos,B,Random forest,42,cat__Band_n78,0.004311385725329986,feature_importance,29
B_future_drop_full_current_qos,B,Random forest,42,cat__Tower_Load_Light,0.004286064806514517,feature_importance,30
B_future_drop_full_current_qos,B,Random forest,42,cat__Band_n258,0.0038841634159261793,feature_importance,31
B_future_drop_full_current_qos,B,Random forest,42,cat__Tower_Load_Heavy,0.0038301584242762536,feature_importance,32
B_future_drop_full_current_qos,B,Random forest,42,cat__Band_n260,0.0037762333390261704,feature_importance,33
B_future_drop_full_current_qos,B,Random forest,42,cat__Movement_Speed_Static,0.0036980854591337326,feature_importance,34
B_future_drop_full_current_qos,B,Random forest,42,cat__Congestion_Level_Medium,0.00361704588002047,feature_importance,35
B_future_drop_full_current_qos,B,Random forest,42,cat__Obstruction_Level_Medium,0.003585947435611283,feature_importance,36
B_future_drop_full_current_qos,B,Random forest,42,cat__Congestion_Level_Low,0.003521913580987028,feature_importance,37
B_future_drop_full_current_qos,B,Random forest,42,num__Is_Weekend,0.0034469265001351858,feature_importance,38
B_future_drop_full_current_qos,B,Random forest,42,cat__Movement_Speed_Walking,0.003392226825360092,feature_importance,39
B_future_drop_full_current_qos,B,Random forest,42,cat__Deployment_Area_Area_F,0.003372021811886865,feature_importance,40
B_future_drop_full_current_qos,B,Random forest,42,cat__Tower_Load_Moderate,0.003312011355803488,feature_importance,41
B_future_drop_full_current_qos,B,Random forest,42,cat__Infrastructure_Profile_Nominal,0.0032984834811242763,feature_importance,42
B_future_drop_full_current_qos,B,Random forest,42,cat__Day_of_Week_Friday,0.0032468222256386283,feature_importance,43
B_future_drop_full_current_qos,B,Random forest,42,cat__Deployment_Area_Area_C,0.0031870581337880037,feature_importance,44
B_future_drop_full_current_qos,B,Random forest,42,cat__App_Type_Browse,0.003152840173189332,feature_importance,45
B_future_drop_full_current_qos,B,Random forest,42,cat__UE_Capability_Class_Basic,0.0031202013266548325,feature_importance,46
B_future_drop_full_current_qos,B,Random forest,42,cat__UE_Profile_UE-Basic,0.0031089616731206785,feature_importance,47
B_future_drop_full_current_qos,B,Random forest,42,cat__App_Type_Gaming,0.003077302597718679,feature_importance,48
B_future_drop_full_current_qos,B,Random forest,42,cat__UE_Capability_Class_Advanced,0.003069319244785847,feature_importance,49
B_future_drop_full_current_qos,B,Random forest,42,cat__Day_of_Week_Monday,0.003045534387754939,feature_importance,50
B_future_drop_full_current_qos,B,Random forest,42,cat__App_Type_Call,0.0030375193997810184,feature_importance,51
B_future_drop_full_current_qos,B,Random forest,42,cat__Day_of_Week_Thursday,0.002983655025628448,feature_importance,52
B_future_drop_full_current_qos,B,Random forest,42,cat__Operator_Profile_Operator_F,0.002961194078793315,feature_importance,53
B_future_drop_full_current_qos,B,Random forest,42,cat__Weather_Rainy,0.0029468094443728496,feature_importance,54
B_future_drop_full_current_qos,B,Random forest,42,cat__UE_Profile_UE-Advanced,0.0028628925839797007,feature_importance,55
B_future_drop_full_current_qos,B,Random forest,42,cat__Deployment_Area_Area_B,0.0028034901764115877,feature_importance,56
B_future_drop_full_current_qos,B,Random forest,42,cat__UE_Profile_UE-Standard,0.002778141692670724,feature_importance,57
B_future_drop_full_current_qos,B,Random forest,42,cat__UE_Capability_Class_Standard,0.002765138134591934,feature_importance,58
B_future_drop_full_current_qos,B,Random forest,42,cat__Infrastructure_Profile_Moderately_Degraded,0.0027314215472818274,feature_importance,59
B_future_drop_full_current_qos,B,Random forest,42,num__VoNR_Enabled,0.0027100611995738485,feature_importance,60
B_future_drop_full_current_qos,B,Random forest,42,cat__Deployment_Area_Area_D,0.002695206777887669,feature_importance,61
B_future_drop_full_current_qos,B,Random forest,42,cat__App_Type_Streaming,0.002690501972084849,feature_importance,62
B_future_drop_full_current_qos,B,Random forest,42,cat__Operator_Profile_Operator_G,0.0026204080936973735,feature_importance,63
B_future_drop_full_current_qos,B,Random forest,42,cat__Day_of_Week_Sunday,0.0025799983376555563,feature_importance,64
B_future_drop_full_current_qos,B,Random forest,42,cat__Weather_Foggy,0.0025448643328834872,feature_importance,65
B_future_drop_full_current_qos,B,Random forest,42,cat__Operator_Profile_Operator_E,0.0025422423175453226,feature_importance,66
B_future_drop_full_current_qos,B,Random forest,42,cat__Movement_Speed_Driving,0.0024938605633405254,feature_importance,67
B_future_drop_full_current_qos,B,Random forest,42,cat__Deployment_Area_Area_A,0.0024700584518549114,feature_importance,68
B_future_drop_full_current_qos,B,Random forest,42,cat__Day_of_Week_Tuesday,0.0024410132091444094,feature_importance,69
B_future_drop_full_current_qos,B,Random forest,42,cat__Day_of_Week_Saturday,0.0023623611148006598,feature_importance,70
B_future_drop_full_current_qos,B,Random forest,42,cat__Day_of_Week_Wednesday,0.002292678036990496,feature_importance,71
B_future_drop_full_current_qos,B,Random forest,42,cat__Deployment_Area_Area_E,0.002205615624946757,feature_importance,72
B_future_drop_full_current_qos,B,Random forest,42,cat__Operator_Profile_Operator_B,0.0021695368723695816,feature_importance,73
B_future_drop_full_current_qos,B,Random forest,42,cat__Operator_Profile_Operator_H,0.0021642447779312655,feature_importance,74
B_future_drop_full_current_qos,B,Random forest,42,cat__Band_n77,0.0021373543041647686,feature_importance,75
B_future_drop_full_current_qos,B,Random forest,42,cat__Operator_Profile_Operator_A,0.0019991680126885784,feature_importance,76
B_future_drop_full_current_qos,B,Random forest,42,cat__Infrastructure_Profile_Severely_Degraded,0.001450503841118935,feature_importance,77
B_future_drop_full_current_qos,B,Random forest,42,cat__Operator_Profile_Operator_J,0.0014188283742871642,feature_importance,78
B_future_drop_full_current_qos,B,Random forest,42,cat__Operator_Profile_Operator_K,0.001410331362460869,feature_importance,79
B_future_drop_full_current_qos,B,Random forest,42,cat__Band_n257,0.001363559713809514,feature_importance,80
B_future_drop_full_current_qos,B,Random forest,42,cat__Operator_Profile_Operator_D,0.0013251955091289813,feature_importance,81
B_future_drop_full_current_qos,B,Random forest,42,cat__Operator_Profile_Operator_I,0.0012979260208572474,feature_importance,82
B_future_drop_full_current_qos,B,Random forest,42,cat__Operator_Profile_Operator_C,0.0012120617386773024,feature_importance,83
B_future_drop_full_current_qos,B,Random forest,42,cat__Operator_Profile_Operator_M,0.0011818014244479038,feature_importance,84
B_future_drop_full_current_qos,B,Random forest,42,cat__Operator_Profile_Operator_L,0.0011693305289457322,feature_importance,85
B_future_drop_full_current_qos,B,Random forest,42,cat__Band_n41,0.0010628397879899852,feature_importance,86
B_future_drop_full_current_qos,B,Random forest,42,cat__Band_n79,0.0006692269507658401,feature_importance,87
B_future_drop_full_current_qos,B,Random forest,42,cat__Area_Type_Urban,0.0,feature_importance,88
B_future_drop_full_current_qos,B,Random forest,52,num__Ping_ms,0.09032438382855824,feature_importance,1
B_future_drop_full_current_qos,B,Random forest,52,num__Link_Capacity_Downlink_Mbps,0.07932502510725906,feature_importance,2
B_future_drop_full_current_qos,B,Random forest,52,num__Latency_ms,0.0736710387945161,feature_importance,3
B_future_drop_full_current_qos,B,Random forest,52,num__Link_Capacity_Upload_Mbps,0.06663933774777793,feature_importance,4
B_future_drop_full_current_qos,B,Random forest,52,num__Signal_Strength_dBm,0.05600620828151774,feature_importance,5
B_future_drop_full_current_qos,B,Random forest,52,num__Jitter_ms,0.04550718236534595,feature_importance,6
B_future_drop_full_current_qos,B,Random forest,52,num__Download_Speed_Mbps,0.04541979279006542,feature_importance,7
B_future_drop_full_current_qos,B,Random forest,52,cat__Network_Type_5G SA,0.04526997027918658,feature_importance,8
B_future_drop_full_current_qos,B,Random forest,52,num__Distance_to_Tower_km,0.03953481785719947,feature_importance,9
B_future_drop_full_current_qos,B,Random forest,52,num__Data_Usage_MB,0.03852587338495014,feature_importance,10
B_future_drop_full_current_qos,B,Random forest,52,num__Upload_Speed_Mbps,0.02864562866726215,feature_importance,11
B_future_drop_full_current_qos,B,Random forest,52,num__Battery_Level_percent,0.027102948400279162,feature_importance,12
B_future_drop_full_current_qos,B,Random forest,52,num__Activity_Factor,0.026210575992172355,feature_importance,13
B_future_drop_full_current_qos,B,Random forest,52,num__Temperature_C,0.024176218170713287,feature_importance,14
B_future_drop_full_current_qos,B,Random forest,52,num__Hour,0.020565472204095842,feature_importance,15
B_future_drop_full_current_qos,B,Random forest,52,num__Cumulative_Handover_Count,0.016698770254947256,feature_importance,16
B_future_drop_full_current_qos,B,Random forest,52,num__Connected_Duration_min,0.015952669429537235,feature_importance,17
B_future_drop_full_current_qos,B,Random forest,52,cat__Network_Type_4G,0.012546602526461753,feature_importance,18
B_future_drop_full_current_qos,B,Random forest,52,cat__Obstruction_Level_High,0.012275979578790874,feature_importance,19
B_future_drop_full_current_qos,B,Random forest,52,cat__Network_Type_5G NSA,0.011907982409204505,feature_importance,20
B_future_drop_full_current_qos,B,Random forest,52,cat__Band_LTE_Anchor,0.01137110585886477,feature_importance,21
B_future_drop_full_current_qos,B,Random forest,52,num__Is_Indoor,0.009834138991474924,feature_importance,22
B_future_drop_full_current_qos,B,Random forest,52,num__Video_Quality,0.00979509467892912,feature_importance,23
B_future_drop_full_current_qos,B,Random forest,52,cat__Band_n28,0.008811720019472892,feature_importance,24
B_future_drop_full_current_qos,B,Random forest,52,num__Interval_Handover_Count,0.0074299640032670705,feature_importance,25
B_future_drop_full_current_qos,B,Random forest,52,cat__Congestion_Level_High,0.006146517952763372,feature_importance,26
B_future_drop_full_current_qos,B,Random forest,52,cat__Obstruction_Level_Low,0.00606038861860997,feature_importance,27
B_future_drop_full_current_qos,B,Random forest,52,cat__Congestion_Level_Low,0.00573756026295828,feature_importance,28
B_future_drop_full_current_qos,B,Random forest,52,cat__Band_n260,0.005184687098587903,feature_importance,29
B_future_drop_full_current_qos,B,Random forest,52,cat__Congestion_Level_Medium,0.004765454631620524,feature_importance,30
B_future_drop_full_current_qos,B,Random forest,52,cat__Band_n78,0.004312278336348552,feature_importance,31
B_future_drop_full_current_qos,B,Random forest,52,cat__Weather_Clear,0.004069704931147145,feature_importance,32
B_future_drop_full_current_qos,B,Random forest,52,cat__Tower_Load_Light,0.00396489080181513,feature_importance,33
B_future_drop_full_current_qos,B,Random forest,52,cat__Movement_Speed_Static,0.003885098941898551,feature_importance,34
B_future_drop_full_current_qos,B,Random forest,52,cat__Obstruction_Level_Medium,0.0038191593665628113,feature_importance,35
B_future_drop_full_current_qos,B,Random forest,52,cat__Infrastructure_Profile_Nominal,0.003635132524947707,feature_importance,36
B_future_drop_full_current_qos,B,Random forest,52,cat__Deployment_Area_Area_C,0.0035617689215843786,feature_importance,37
B_future_drop_full_current_qos,B,Random forest,52,cat__Tower_Load_Moderate,0.003443304020938008,feature_importance,38
B_future_drop_full_current_qos,B,Random forest,52,cat__Movement_Speed_Walking,0.003441014177498847,feature_importance,39
B_future_drop_full_current_qos,B,Random forest,52,cat__App_Type_Gaming,0.0034224666245301506,feature_importance,40
B_future_drop_full_current_qos,B,Random forest,52,cat__Tower_Load_Heavy,0.0033218000068642793,feature_importance,41
B_future_drop_full_current_qos,B,Random forest,52,cat__App_Type_Browse,0.0032755662716930723,feature_importance,42
B_future_drop_full_current_qos,B,Random forest,52,num__Is_Weekend,0.0032083053022247416,feature_importance,43
B_future_drop_full_current_qos,B,Random forest,52,cat__Day_of_Week_Friday,0.0031711121712079773,feature_importance,44
B_future_drop_full_current_qos,B,Random forest,52,cat__Deployment_Area_Area_F,0.0031308464763352447,feature_importance,45
B_future_drop_full_current_qos,B,Random forest,52,cat__App_Type_Call,0.003116870564517327,feature_importance,46
B_future_drop_full_current_qos,B,Random forest,52,cat__UE_Capability_Class_Basic,0.0031163586003960134,feature_importance,47
B_future_drop_full_current_qos,B,Random forest,52,cat__UE_Capability_Class_Standard,0.003084203934629107,feature_importance,48
B_future_drop_full_current_qos,B,Random forest,52,cat__Weather_Rainy,0.0030766560582521445,feature_importance,49
B_future_drop_full_current_qos,B,Random forest,52,cat__UE_Profile_UE-Basic,0.0030557901975499196,feature_importance,50
B_future_drop_full_current_qos,B,Random forest,52,cat__Infrastructure_Profile_Moderately_Degraded,0.0030547221259535633,feature_importance,51
B_future_drop_full_current_qos,B,Random forest,52,cat__Band_n258,0.002988587509928986,feature_importance,52
B_future_drop_full_current_qos,B,Random forest,52,cat__UE_Profile_UE-Advanced,0.0029587158032669935,feature_importance,53
B_future_drop_full_current_qos,B,Random forest,52,cat__Operator_Profile_Operator_E,0.00292427344800536,feature_importance,54
B_future_drop_full_current_qos,B,Random forest,52,cat__UE_Profile_UE-Standard,0.002880079429088529,feature_importance,55
B_future_drop_full_current_qos,B,Random forest,52,cat__Day_of_Week_Thursday,0.0028780953058168126,feature_importance,56
B_future_drop_full_current_qos,B,Random forest,52,cat__Operator_Profile_Operator_F,0.002875553522107693,feature_importance,57
B_future_drop_full_current_qos,B,Random forest,52,num__VoNR_Enabled,0.0028687369515003618,feature_importance,58
B_future_drop_full_current_qos,B,Random forest,52,cat__UE_Capability_Class_Advanced,0.002818769058818096,feature_importance,59
B_future_drop_full_current_qos,B,Random forest,52,cat__Day_of_Week_Monday,0.0027501260022874505,feature_importance,60
B_future_drop_full_current_qos,B,Random forest,52,cat__App_Type_Streaming,0.0025911142728033817,feature_importance,61
B_future_drop_full_current_qos,B,Random forest,52,cat__Day_of_Week_Wednesday,0.0025907803780062786,feature_importance,62
B_future_drop_full_current_qos,B,Random forest,52,cat__Day_of_Week_Sunday,0.0025839102805700737,feature_importance,63
B_future_drop_full_current_qos,B,Random forest,52,cat__Deployment_Area_Area_B,0.0025491582972215947,feature_importance,64
B_future_drop_full_current_qos,B,Random forest,52,cat__Day_of_Week_Saturday,0.002528006497990975,feature_importance,65
B_future_drop_full_current_qos,B,Random forest,52,cat__Deployment_Area_Area_D,0.00251360865725494,feature_importance,66
B_future_drop_full_current_qos,B,Random forest,52,cat__Day_of_Week_Tuesday,0.00250915995882595,feature_importance,67
B_future_drop_full_current_qos,B,Random forest,52,cat__Deployment_Area_Area_A,0.0024679695778541113,feature_importance,68
B_future_drop_full_current_qos,B,Random forest,52,cat__Operator_Profile_Operator_G,0.002445671039878463,feature_importance,69
B_future_drop_full_current_qos,B,Random forest,52,cat__Deployment_Area_Area_E,0.0024037739694855132,feature_importance,70
B_future_drop_full_current_qos,B,Random forest,52,cat__Weather_Foggy,0.0022949227667136327,feature_importance,71
B_future_drop_full_current_qos,B,Random forest,52,cat__Operator_Profile_Operator_B,0.0022450135548485886,feature_importance,72
B_future_drop_full_current_qos,B,Random forest,52,cat__Movement_Speed_Driving,0.0020626095617384526,feature_importance,73
B_future_drop_full_current_qos,B,Random forest,52,cat__Infrastructure_Profile_Severely_Degraded,0.0019804514809002556,feature_importance,74
B_future_drop_full_current_qos,B,Random forest,52,cat__Band_n77,0.001962422456578408,feature_importance,75
B_future_drop_full_current_qos,B,Random forest,52,cat__Operator_Profile_Operator_H,0.001922977136635246,feature_importance,76
B_future_drop_full_current_qos,B,Random forest,52,cat__Operator_Profile_Operator_A,0.0017162141936399374,feature_importance,77
B_future_drop_full_current_qos,B,Random forest,52,cat__Operator_Profile_Operator_M,0.0014823101653609898,feature_importance,78
B_future_drop_full_current_qos,B,Random forest,52,cat__Operator_Profile_Operator_J,0.0014326999625520415,feature_importance,79
B_future_drop_full_current_qos,B,Random forest,52,cat__Operator_Profile_Operator_I,0.0013321073233095698,feature_importance,80
B_future_drop_full_current_qos,B,Random forest,52,cat__Operator_Profile_Operator_L,0.0012552504636010326,feature_importance,81
B_future_drop_full_current_qos,B,Random forest,52,cat__Operator_Profile_Operator_C,0.0012537713043480122,feature_importance,82
B_future_drop_full_current_qos,B,Random forest,52,cat__Operator_Profile_Operator_D,0.0011660519376748024,feature_importance,83
B_future_drop_full_current_qos,B,Random forest,52,cat__Operator_Profile_Operator_K,0.0011394019590353728,feature_importance,84
B_future_drop_full_current_qos,B,Random forest,52,cat__Band_n41,0.0010302263903444729,feature_importance,85
B_future_drop_full_current_qos,B,Random forest,52,cat__Band_n257,0.0008336120815006242,feature_importance,86
B_future_drop_full_current_qos,B,Random forest,52,cat__Band_n79,0.00015370675722239572,feature_importance,87
B_future_drop_full_current_qos,B,Random forest,52,cat__Area_Type_Urban,0.0,feature_importance,88
B_future_drop_full_current_qos,B,Random forest,62,num__Latency_ms,0.08083829769800915,feature_importance,1
B_future_drop_full_current_qos,B,Random forest,62,num__Ping_ms,0.08002505826229651,feature_importance,2
B_future_drop_full_current_qos,B,Random forest,62,num__Link_Capacity_Downlink_Mbps,0.07743982327692932,feature_importance,3
B_future_drop_full_current_qos,B,Random forest,62,num__Signal_Strength_dBm,0.07235621301494978,feature_importance,4
B_future_drop_full_current_qos,B,Random forest,62,num__Link_Capacity_Upload_Mbps,0.07202633498686105,feature_importance,5
B_future_drop_full_current_qos,B,Random forest,62,cat__Network_Type_5G SA,0.04918564592025649,feature_importance,6
B_future_drop_full_current_qos,B,Random forest,62,num__Data_Usage_MB,0.040226531258121846,feature_importance,7
B_future_drop_full_current_qos,B,Random forest,62,num__Distance_to_Tower_km,0.04017411214690529,feature_importance,8
B_future_drop_full_current_qos,B,Random forest,62,num__Download_Speed_Mbps,0.03425931675973832,feature_importance,9
B_future_drop_full_current_qos,B,Random forest,62,num__Jitter_ms,0.03357965681909927,feature_importance,10
B_future_drop_full_current_qos,B,Random forest,62,num__Upload_Speed_Mbps,0.030841028454436308,feature_importance,11
B_future_drop_full_current_qos,B,Random forest,62,num__Battery_Level_percent,0.02776365056003152,feature_importance,12
B_future_drop_full_current_qos,B,Random forest,62,num__Activity_Factor,0.025093488471407698,feature_importance,13
B_future_drop_full_current_qos,B,Random forest,62,num__Temperature_C,0.024883592003222228,feature_importance,14
B_future_drop_full_current_qos,B,Random forest,62,num__Hour,0.0216815529968871,feature_importance,15
B_future_drop_full_current_qos,B,Random forest,62,num__Connected_Duration_min,0.015967740413205027,feature_importance,16
B_future_drop_full_current_qos,B,Random forest,62,cat__Network_Type_5G NSA,0.014889114671004951,feature_importance,17
B_future_drop_full_current_qos,B,Random forest,62,num__Cumulative_Handover_Count,0.014303286653140932,feature_importance,18
B_future_drop_full_current_qos,B,Random forest,62,num__Is_Indoor,0.011539436177444885,feature_importance,19
B_future_drop_full_current_qos,B,Random forest,62,cat__Network_Type_4G,0.009949124121849147,feature_importance,20
B_future_drop_full_current_qos,B,Random forest,62,cat__Obstruction_Level_High,0.00950259236464851,feature_importance,21
B_future_drop_full_current_qos,B,Random forest,62,num__Video_Quality,0.008994077901591674,feature_importance,22
B_future_drop_full_current_qos,B,Random forest,62,cat__Obstruction_Level_Low,0.007720764753550499,feature_importance,23
B_future_drop_full_current_qos,B,Random forest,62,num__Interval_Handover_Count,0.007526929018702546,feature_importance,24
B_future_drop_full_current_qos,B,Random forest,62,cat__Band_n28,0.007510101068880062,feature_importance,25
B_future_drop_full_current_qos,B,Random forest,62,cat__Band_LTE_Anchor,0.007220459064560023,feature_importance,26
B_future_drop_full_current_qos,B,Random forest,62,cat__Congestion_Level_High,0.005977449952504892,feature_importance,27
B_future_drop_full_current_qos,B,Random forest,62,cat__Band_n78,0.0051342351747826346,feature_importance,28
B_future_drop_full_current_qos,B,Random forest,62,cat__Tower_Load_Light,0.004799189448546779,feature_importance,29
B_future_drop_full_current_qos,B,Random forest,62,cat__Congestion_Level_Medium,0.004627049189174369,feature_importance,30
B_future_drop_full_current_qos,B,Random forest,62,cat__Band_n258,0.004525941672442737,feature_importance,31
B_future_drop_full_current_qos,B,Random forest,62,cat__Weather_Clear,0.00447412356821787,feature_importance,32
B_future_drop_full_current_qos,B,Random forest,62,cat__Movement_Speed_Static,0.004307037091926797,feature_importance,33
B_future_drop_full_current_qos,B,Random forest,62,cat__Obstruction_Level_Medium,0.0041553781274406626,feature_importance,34
B_future_drop_full_current_qos,B,Random forest,62,cat__Band_n260,0.004050921221578258,feature_importance,35
B_future_drop_full_current_qos,B,Random forest,62,cat__Congestion_Level_Low,0.003928290130835104,feature_importance,36
B_future_drop_full_current_qos,B,Random forest,62,cat__Deployment_Area_Area_F,0.00390916569772524,feature_importance,37
B_future_drop_full_current_qos,B,Random forest,62,cat__Deployment_Area_Area_C,0.00383423679430313,feature_importance,38
B_future_drop_full_current_qos,B,Random forest,62,cat__Infrastructure_Profile_Nominal,0.0037661042958195712,feature_importance,39
B_future_drop_full_current_qos,B,Random forest,62,cat__Movement_Speed_Walking,0.0034211265711626376,feature_importance,40
B_future_drop_full_current_qos,B,Random forest,62,cat__Tower_Load_Moderate,0.003409245930165826,feature_importance,41
B_future_drop_full_current_qos,B,Random forest,62,cat__App_Type_Call,0.0034060014367326974,feature_importance,42
B_future_drop_full_current_qos,B,Random forest,62,cat__Tower_Load_Heavy,0.0033537623762742307,feature_importance,43
B_future_drop_full_current_qos,B,Random forest,62,cat__UE_Profile_UE-Basic,0.003252834329027899,feature_importance,44
B_future_drop_full_current_qos,B,Random forest,62,num__Is_Weekend,0.003205929887368293,feature_importance,45
B_future_drop_full_current_qos,B,Random forest,62,cat__App_Type_Browse,0.003185628900530258,feature_importance,46
B_future_drop_full_current_qos,B,Random forest,62,cat__App_Type_Gaming,0.003170960523495409,feature_importance,47
B_future_drop_full_current_qos,B,Random forest,62,cat__Day_of_Week_Friday,0.0031555998995713833,feature_importance,48
B_future_drop_full_current_qos,B,Random forest,62,cat__Infrastructure_Profile_Moderately_Degraded,0.003077600411470873,feature_importance,49
B_future_drop_full_current_qos,B,Random forest,62,cat__Operator_Profile_Operator_F,0.0030636310052640373,feature_importance,50
B_future_drop_full_current_qos,B,Random forest,62,cat__Weather_Rainy,0.0030248933923113946,feature_importance,51
B_future_drop_full_current_qos,B,Random forest,62,cat__UE_Profile_UE-Standard,0.0029801664482165665,feature_importance,52
B_future_drop_full_current_qos,B,Random forest,62,cat__UE_Capability_Class_Basic,0.002974399676215845,feature_importance,53
B_future_drop_full_current_qos,B,Random forest,62,cat__Weather_Foggy,0.0029508175172375498,feature_importance,54
B_future_drop_full_current_qos,B,Random forest,62,cat__UE_Profile_UE-Advanced,0.0029374668140963664,feature_importance,55
B_future_drop_full_current_qos,B,Random forest,62,cat__UE_Capability_Class_Standard,0.0029210007031452863,feature_importance,56
B_future_drop_full_current_qos,B,Random forest,62,cat__Day_of_Week_Sunday,0.0029152899069427043,feature_importance,57
B_future_drop_full_current_qos,B,Random forest,62,cat__Day_of_Week_Thursday,0.0028603457574620334,feature_importance,58
B_future_drop_full_current_qos,B,Random forest,62,cat__App_Type_Streaming,0.0028524246538197597,feature_importance,59
B_future_drop_full_current_qos,B,Random forest,62,cat__Operator_Profile_Operator_G,0.0027611356433435703,feature_importance,60
B_future_drop_full_current_qos,B,Random forest,62,cat__UE_Capability_Class_Advanced,0.0026706040099879064,feature_importance,61
B_future_drop_full_current_qos,B,Random forest,62,cat__Day_of_Week_Saturday,0.0026613207128716645,feature_importance,62
B_future_drop_full_current_qos,B,Random forest,62,cat__Day_of_Week_Monday,0.002631174086138939,feature_importance,63
B_future_drop_full_current_qos,B,Random forest,62,cat__Operator_Profile_Operator_E,0.0026298467740230166,feature_importance,64
B_future_drop_full_current_qos,B,Random forest,62,cat__Deployment_Area_Area_B,0.002607662777415941,feature_importance,65
B_future_drop_full_current_qos,B,Random forest,62,cat__Day_of_Week_Wednesday,0.0026035705631256823,feature_importance,66
B_future_drop_full_current_qos,B,Random forest,62,cat__Deployment_Area_Area_D,0.002518867966553659,feature_importance,67
B_future_drop_full_current_qos,B,Random forest,62,cat__Day_of_Week_Tuesday,0.002506966367014278,feature_importance,68
B_future_drop_full_current_qos,B,Random forest,62,cat__Deployment_Area_Area_E,0.0023562634620573346,feature_importance,69
B_future_drop_full_current_qos,B,Random forest,62,num__VoNR_Enabled,0.002315400500459089,feature_importance,70
B_future_drop_full_current_qos,B,Random forest,62,cat__Deployment_Area_Area_A,0.0023080504678839185,feature_importance,71
B_future_drop_full_current_qos,B,Random forest,62,cat__Operator_Profile_Operator_B,0.00222752803807824,feature_importance,72
B_future_drop_full_current_qos,B,Random forest,62,cat__Operator_Profile_Operator_A,0.002172719073706918,feature_importance,73
B_future_drop_full_current_qos,B,Random forest,62,cat__Infrastructure_Profile_Severely_Degraded,0.0021360081911042895,feature_importance,74
B_future_drop_full_current_qos,B,Random forest,62,cat__Operator_Profile_Operator_H,0.002004875041405471,feature_importance,75
B_future_drop_full_current_qos,B,Random forest,62,cat__Movement_Speed_Driving,0.0017255444476302361,feature_importance,76
B_future_drop_full_current_qos,B,Random forest,62,cat__Band_n77,0.0015934241923088394,feature_importance,77
B_future_drop_full_current_qos,B,Random forest,62,cat__Operator_Profile_Operator_I,0.001586498572376632,feature_importance,78
B_future_drop_full_current_qos,B,Random forest,62,cat__Operator_Profile_Operator_J,0.0015519512218800666,feature_importance,79
B_future_drop_full_current_qos,B,Random forest,62,cat__Band_n257,0.0014720735933540685,feature_importance,80
B_future_drop_full_current_qos,B,Random forest,62,cat__Operator_Profile_Operator_M,0.00140602559608586,feature_importance,81
B_future_drop_full_current_qos,B,Random forest,62,cat__Operator_Profile_Operator_D,0.001306418517895209,feature_importance,82
B_future_drop_full_current_qos,B,Random forest,62,cat__Operator_Profile_Operator_C,0.0012943767165763307,feature_importance,83
B_future_drop_full_current_qos,B,Random forest,62,cat__Band_n41,0.0012378790265455684,feature_importance,84
B_future_drop_full_current_qos,B,Random forest,62,cat__Operator_Profile_Operator_K,0.0011342152512609947,feature_importance,85
B_future_drop_full_current_qos,B,Random forest,62,cat__Operator_Profile_Operator_L,0.001050701493831963,feature_importance,86
B_future_drop_full_current_qos,B,Random forest,62,cat__Band_n79,0.00042272035154504814,feature_importance,87
B_future_drop_full_current_qos,B,Random forest,62,cat__Area_Type_Urban,0.0,feature_importance,88
C_future_drop_context_only,C,Random forest,42,cat__Network_Type_5G SA,0.1272456538920966,feature_importance,1
C_future_drop_context_only,C,Random forest,42,num__Activity_Factor,0.0982870582822368,feature_importance,2
C_future_drop_context_only,C,Random forest,42,num__Hour,0.0871307856633122,feature_importance,3
C_future_drop_context_only,C,Random forest,42,num__Is_Indoor,0.07731711720241075,feature_importance,4
C_future_drop_context_only,C,Random forest,42,num__Connected_Duration_min,0.07054530965848688,feature_importance,5
C_future_drop_context_only,C,Random forest,42,cat__Network_Type_4G,0.0686007743360573,feature_importance,6
C_future_drop_context_only,C,Random forest,42,cat__Network_Type_5G NSA,0.03296940039945557,feature_importance,7
C_future_drop_context_only,C,Random forest,42,cat__Movement_Speed_Static,0.01662449992481812,feature_importance,8
C_future_drop_context_only,C,Random forest,42,cat__App_Type_Browse,0.016274019357756023,feature_importance,9
C_future_drop_context_only,C,Random forest,42,cat__App_Type_Gaming,0.016118136764997106,feature_importance,10
C_future_drop_context_only,C,Random forest,42,cat__App_Type_Streaming,0.01564814311861447,feature_importance,11
C_future_drop_context_only,C,Random forest,42,cat__App_Type_Call,0.015591359231031726,feature_importance,12
C_future_drop_context_only,C,Random forest,42,cat__Weather_Clear,0.014508892915881191,feature_importance,13
C_future_drop_context_only,C,Random forest,42,cat__Day_of_Week_Monday,0.013206752330853692,feature_importance,14
C_future_drop_context_only,C,Random forest,42,cat__Day_of_Week_Friday,0.012755086401655595,feature_importance,15
C_future_drop_context_only,C,Random forest,42,num__Is_Weekend,0.012657995694132531,feature_importance,16
C_future_drop_context_only,C,Random forest,42,cat__Deployment_Area_Area_C,0.012477766324307162,feature_importance,17
C_future_drop_context_only,C,Random forest,42,cat__Movement_Speed_Walking,0.012146355562905164,feature_importance,18
C_future_drop_context_only,C,Random forest,42,cat__Day_of_Week_Thursday,0.012074763949191545,feature_importance,19
C_future_drop_context_only,C,Random forest,42,cat__Day_of_Week_Wednesday,0.011279623169598902,feature_importance,20
C_future_drop_context_only,C,Random forest,42,cat__Day_of_Week_Sunday,0.011123979447989252,feature_importance,21
C_future_drop_context_only,C,Random forest,42,cat__Day_of_Week_Tuesday,0.011107602452290527,feature_importance,22
C_future_drop_context_only,C,Random forest,42,cat__Deployment_Area_Area_F,0.010851704306075164,feature_importance,23
C_future_drop_context_only,C,Random forest,42,cat__Deployment_Area_Area_B,0.01079650360812139,feature_importance,24
C_future_drop_context_only,C,Random forest,42,cat__UE_Profile_UE-Basic,0.010285484484406906,feature_importance,25
C_future_drop_context_only,C,Random forest,42,cat__Weather_Rainy,0.010146139764325131,feature_importance,26
C_future_drop_context_only,C,Random forest,42,cat__UE_Capability_Class_Standard,0.010132889789405632,feature_importance,27
C_future_drop_context_only,C,Random forest,42,cat__UE_Capability_Class_Advanced,0.010064720289505313,feature_importance,28
C_future_drop_context_only,C,Random forest,42,cat__UE_Profile_UE-Advanced,0.009961741756094553,feature_importance,29
C_future_drop_context_only,C,Random forest,42,cat__Operator_Profile_Operator_G,0.009959128662039086,feature_importance,30
C_future_drop_context_only,C,Random forest,42,cat__Operator_Profile_Operator_F,0.009953810373740194,feature_importance,31
C_future_drop_context_only,C,Random forest,42,cat__UE_Capability_Class_Basic,0.009933389350287683,feature_importance,32
C_future_drop_context_only,C,Random forest,42,cat__UE_Profile_UE-Standard,0.009690196117543395,feature_importance,33
C_future_drop_context_only,C,Random forest,42,cat__Day_of_Week_Saturday,0.009663076772150019,feature_importance,34
C_future_drop_context_only,C,Random forest,42,cat__Weather_Foggy,0.00944569107358821,feature_importance,35
C_future_drop_context_only,C,Random forest,42,cat__Operator_Profile_Operator_E,0.00888785000327145,feature_importance,36
C_future_drop_context_only,C,Random forest,42,cat__Deployment_Area_Area_A,0.00886524719491148,feature_importance,37
C_future_drop_context_only,C,Random forest,42,cat__Movement_Speed_Driving,0.008439228636053649,feature_importance,38
C_future_drop_context_only,C,Random forest,42,cat__Deployment_Area_Area_E,0.008186076637339317,feature_importance,39
C_future_drop_context_only,C,Random forest,42,cat__Operator_Profile_Operator_A,0.008152685887833083,feature_importance,40
C_future_drop_context_only,C,Random forest,42,cat__Operator_Profile_Operator_B,0.008006019812746628,feature_importance,41
C_future_drop_context_only,C,Random forest,42,cat__Deployment_Area_Area_D,0.007739343472589203,feature_importance,42
C_future_drop_context_only,C,Random forest,42,cat__Operator_Profile_Operator_H,0.007161680306421865,feature_importance,43
C_future_drop_context_only,C,Random forest,42,cat__Operator_Profile_Operator_J,0.006392309207898134,feature_importance,44
C_future_drop_context_only,C,Random forest,42,cat__Operator_Profile_Operator_D,0.0060534118834875425,feature_importance,45
C_future_drop_context_only,C,Random forest,42,cat__Operator_Profile_Operator_L,0.005830963094049259,feature_importance,46
C_future_drop_context_only,C,Random forest,42,cat__Operator_Profile_Operator_K,0.005302146941510769,feature_importance,47
C_future_drop_context_only,C,Random forest,42,cat__Operator_Profile_Operator_M,0.005146046953576328,feature_importance,48
C_future_drop_context_only,C,Random forest,42,cat__Operator_Profile_Operator_I,0.004850981514897019,feature_importance,49
C_future_drop_context_only,C,Random forest,42,cat__Operator_Profile_Operator_C,0.004410456026052504,feature_importance,50
C_future_drop_context_only,C,Random forest,42,cat__Area_Type_Urban,0.0,feature_importance,51
C_future_drop_context_only,C,Random forest,52,cat__Network_Type_5G SA,0.13626147133189181,feature_importance,1
C_future_drop_context_only,C,Random forest,52,num__Activity_Factor,0.09914777124024524,feature_importance,2
C_future_drop_context_only,C,Random forest,52,num__Hour,0.08464724816916075,feature_importance,3
C_future_drop_context_only,C,Random forest,52,num__Is_Indoor,0.07701247564581229,feature_importance,4
C_future_drop_context_only,C,Random forest,52,num__Connected_Duration_min,0.071182006051428,feature_importance,5
C_future_drop_context_only,C,Random forest,52,cat__Network_Type_4G,0.06359717273034667,feature_importance,6
C_future_drop_context_only,C,Random forest,52,cat__Network_Type_5G NSA,0.0316368708658588,feature_importance,7
C_future_drop_context_only,C,Random forest,52,cat__Movement_Speed_Static,0.01668700601638773,feature_importance,8
C_future_drop_context_only,C,Random forest,52,cat__App_Type_Browse,0.016016129489606065,feature_importance,9
C_future_drop_context_only,C,Random forest,52,cat__App_Type_Streaming,0.016001295847567487,feature_importance,10
C_future_drop_context_only,C,Random forest,52,cat__App_Type_Call,0.015937992368055143,feature_importance,11
C_future_drop_context_only,C,Random forest,52,cat__App_Type_Gaming,0.01589494975696214,feature_importance,12
C_future_drop_context_only,C,Random forest,52,cat__Weather_Clear,0.014324979014620468,feature_importance,13
C_future_drop_context_only,C,Random forest,52,num__Is_Weekend,0.013571544102994266,feature_importance,14
C_future_drop_context_only,C,Random forest,52,cat__Day_of_Week_Monday,0.011965017085470996,feature_importance,15
C_future_drop_context_only,C,Random forest,52,cat__Day_of_Week_Friday,0.01192878733411479,feature_importance,16
C_future_drop_context_only,C,Random forest,52,cat__Movement_Speed_Walking,0.011769413567558534,feature_importance,17
C_future_drop_context_only,C,Random forest,52,cat__Day_of_Week_Thursday,0.011699433782272064,feature_importance,18
C_future_drop_context_only,C,Random forest,52,cat__Deployment_Area_Area_C,0.011633770118810817,feature_importance,19
C_future_drop_context_only,C,Random forest,52,cat__Day_of_Week_Wednesday,0.011611677237231926,feature_importance,20
C_future_drop_context_only,C,Random forest,52,cat__Deployment_Area_Area_F,0.011202077881552521,feature_importance,21
C_future_drop_context_only,C,Random forest,52,cat__Day_of_Week_Tuesday,0.01092536951424177,feature_importance,22
C_future_drop_context_only,C,Random forest,52,cat__Day_of_Week_Saturday,0.010906837061497745,feature_importance,23
C_future_drop_context_only,C,Random forest,52,cat__UE_Capability_Class_Advanced,0.010626007283460989,feature_importance,24
C_future_drop_context_only,C,Random forest,52,cat__Operator_Profile_Operator_F,0.010614951956893496,feature_importance,25
C_future_drop_context_only,C,Random forest,52,cat__UE_Profile_UE-Basic,0.010548943514304996,feature_importance,26
C_future_drop_context_only,C,Random forest,52,cat__Day_of_Week_Sunday,0.010453882184473382,feature_importance,27
C_future_drop_context_only,C,Random forest,52,cat__UE_Capability_Class_Basic,0.01034447616869239,feature_importance,28
C_future_drop_context_only,C,Random forest,52,cat__Deployment_Area_Area_B,0.010243544097026238,feature_importance,29
C_future_drop_context_only,C,Random forest,52,cat__UE_Profile_UE-Advanced,0.010034450695430143,feature_importance,30
C_future_drop_context_only,C,Random forest,52,cat__UE_Capability_Class_Standard,0.009940763616171501,feature_importance,31
C_future_drop_context_only,C,Random forest,52,cat__UE_Profile_UE-Standard,0.009863431028423391,feature_importance,32
C_future_drop_context_only,C,Random forest,52,cat__Weather_Rainy,0.009723081847550783,feature_importance,33
C_future_drop_context_only,C,Random forest,52,cat__Operator_Profile_Operator_E,0.009255761317200874,feature_importance,34
C_future_drop_context_only,C,Random forest,52,cat__Operator_Profile_Operator_G,0.00907864099066472,feature_importance,35
C_future_drop_context_only,C,Random forest,52,cat__Operator_Profile_Operator_A,0.008735819553434,feature_importance,36
C_future_drop_context_only,C,Random forest,52,cat__Deployment_Area_Area_A,0.008688399125841711,feature_importance,37
C_future_drop_context_only,C,Random forest,52,cat__Deployment_Area_Area_E,0.008643140531608948,feature_importance,38
C_future_drop_context_only,C,Random forest,52,cat__Movement_Speed_Driving,0.00855324218838858,feature_importance,39
C_future_drop_context_only,C,Random forest,52,cat__Operator_Profile_Operator_B,0.007769594865310883,feature_importance,40
C_future_drop_context_only,C,Random forest,52,cat__Deployment_Area_Area_D,0.007731763682384092,feature_importance,41
C_future_drop_context_only,C,Random forest,52,cat__Weather_Foggy,0.007516207484808293,feature_importance,42
C_future_drop_context_only,C,Random forest,52,cat__Operator_Profile_Operator_D,0.0068360809763875876,feature_importance,43
C_future_drop_context_only,C,Random forest,52,cat__Operator_Profile_Operator_J,0.0067470785225486685,feature_importance,44
C_future_drop_context_only,C,Random forest,52,cat__Operator_Profile_Operator_L,0.006433027506252465,feature_importance,45
C_future_drop_context_only,C,Random forest,52,cat__Operator_Profile_Operator_H,0.006141359968959433,feature_importance,46
C_future_drop_context_only,C,Random forest,52,cat__Operator_Profile_Operator_I,0.0053860672483210725,feature_importance,47
C_future_drop_context_only,C,Random forest,52,cat__Operator_Profile_Operator_K,0.005208574542479261,feature_importance,48
C_future_drop_context_only,C,Random forest,52,cat__Operator_Profile_Operator_M,0.004837863641728909,feature_importance,49
C_future_drop_context_only,C,Random forest,52,cat__Operator_Profile_Operator_C,0.004482549247565115,feature_importance,50
C_future_drop_context_only,C,Random forest,52,cat__Area_Type_Urban,0.0,feature_importance,51
C_future_drop_context_only,C,Random forest,62,cat__Network_Type_5G SA,0.13032788545213175,feature_importance,1
C_future_drop_context_only,C,Random forest,62,num__Activity_Factor,0.10030560904276528,feature_importance,2
C_future_drop_context_only,C,Random forest,62,num__Hour,0.0910464589081101,feature_importance,3
C_future_drop_context_only,C,Random forest,62,num__Is_Indoor,0.07285079274887864,feature_importance,4
C_future_drop_context_only,C,Random forest,62,num__Connected_Duration_min,0.0701625329075383,feature_importance,5
C_future_drop_context_only,C,Random forest,62,cat__Network_Type_4G,0.049192473877244236,feature_importance,6
C_future_drop_context_only,C,Random forest,62,cat__Network_Type_5G NSA,0.03351592749431162,feature_importance,7
C_future_drop_context_only,C,Random forest,62,cat__App_Type_Call,0.016776682675635146,feature_importance,8
C_future_drop_context_only,C,Random forest,62,cat__App_Type_Streaming,0.01631468409393879,feature_importance,9
C_future_drop_context_only,C,Random forest,62,cat__App_Type_Browse,0.016291484563203486,feature_importance,10
C_future_drop_context_only,C,Random forest,62,cat__App_Type_Gaming,0.016078684561897663,feature_importance,11
C_future_drop_context_only,C,Random forest,62,cat__Weather_Clear,0.01562609592026095,feature_importance,12
C_future_drop_context_only,C,Random forest,62,cat__Movement_Speed_Static,0.015442947339608484,feature_importance,13
C_future_drop_context_only,C,Random forest,62,num__Is_Weekend,0.013538076122983142,feature_importance,14
C_future_drop_context_only,C,Random forest,62,cat__Day_of_Week_Friday,0.013060545576326247,feature_importance,15
C_future_drop_context_only,C,Random forest,62,cat__Day_of_Week_Monday,0.01299078332364003,feature_importance,16
C_future_drop_context_only,C,Random forest,62,cat__Day_of_Week_Wednesday,0.012678348946387735,feature_importance,17
C_future_drop_context_only,C,Random forest,62,cat__Deployment_Area_Area_F,0.012629493764568575,feature_importance,18
C_future_drop_context_only,C,Random forest,62,cat__Day_of_Week_Thursday,0.012198259757035918,feature_importance,19
C_future_drop_context_only,C,Random forest,62,cat__Deployment_Area_Area_C,0.012087612171397392,feature_importance,20
C_future_drop_context_only,C,Random forest,62,cat__Day_of_Week_Tuesday,0.012043984171921488,feature_importance,21
C_future_drop_context_only,C,Random forest,62,cat__Movement_Speed_Walking,0.011451917525192045,feature_importance,22
C_future_drop_context_only,C,Random forest,62,cat__Day_of_Week_Sunday,0.011159162467614649,feature_importance,23
C_future_drop_context_only,C,Random forest,62,cat__Deployment_Area_Area_B,0.011077161625733377,feature_importance,24
C_future_drop_context_only,C,Random forest,62,cat__Operator_Profile_Operator_F,0.010778087225040697,feature_importance,25
C_future_drop_context_only,C,Random forest,62,cat__Operator_Profile_Operator_G,0.01061689837514272,feature_importance,26
C_future_drop_context_only,C,Random forest,62,cat__UE_Capability_Class_Basic,0.010602809711524197,feature_importance,27
C_future_drop_context_only,C,Random forest,62,cat__UE_Profile_UE-Advanced,0.01056507067209412,feature_importance,28
C_future_drop_context_only,C,Random forest,62,cat__Day_of_Week_Saturday,0.010402288268346457,feature_importance,29
C_future_drop_context_only,C,Random forest,62,cat__UE_Profile_UE-Basic,0.010383191389842616,feature_importance,30
C_future_drop_context_only,C,Random forest,62,cat__UE_Profile_UE-Standard,0.010334508126163886,feature_importance,31
C_future_drop_context_only,C,Random forest,62,cat__Weather_Foggy,0.010299970747957986,feature_importance,32
C_future_drop_context_only,C,Random forest,62,cat__UE_Capability_Class_Standard,0.010267102042989591,feature_importance,33
C_future_drop_context_only,C,Random forest,62,cat__UE_Capability_Class_Advanced,0.010259663556720063,feature_importance,34
C_future_drop_context_only,C,Random forest,62,cat__Weather_Rainy,0.009698940295421921,feature_importance,35
C_future_drop_context_only,C,Random forest,62,cat__Deployment_Area_Area_A,0.009562661390295053,feature_importance,36
C_future_drop_context_only,C,Random forest,62,cat__Operator_Profile_Operator_E,0.009251646932464967,feature_importance,37
C_future_drop_context_only,C,Random forest,62,cat__Deployment_Area_Area_E,0.008934519881940575,feature_importance,38
C_future_drop_context_only,C,Random forest,62,cat__Operator_Profile_Operator_A,0.00862521537047374,feature_importance,39
C_future_drop_context_only,C,Random forest,62,cat__Operator_Profile_Operator_J,0.008273481413979234,feature_importance,40
C_future_drop_context_only,C,Random forest,62,cat__Operator_Profile_Operator_B,0.008197777507886497,feature_importance,41
C_future_drop_context_only,C,Random forest,62,cat__Deployment_Area_Area_D,0.008174135083802932,feature_importance,42
C_future_drop_context_only,C,Random forest,62,cat__Movement_Speed_Driving,0.007114263989240344,feature_importance,43
C_future_drop_context_only,C,Random forest,62,cat__Operator_Profile_Operator_H,0.00624529491097154,feature_importance,44
C_future_drop_context_only,C,Random forest,62,cat__Operator_Profile_Operator_L,0.00604496491036063,feature_importance,45
C_future_drop_context_only,C,Random forest,62,cat__Operator_Profile_Operator_K,0.005589462906600086,feature_importance,46
C_future_drop_context_only,C,Random forest,62,cat__Operator_Profile_Operator_D,0.005281334681484668,feature_importance,47
C_future_drop_context_only,C,Random forest,62,cat__Operator_Profile_Operator_M,0.005256012765084724,feature_importance,48
C_future_drop_context_only,C,Random forest,62,cat__Operator_Profile_Operator_C,0.005203783412763914,feature_importance,49
C_future_drop_context_only,C,Random forest,62,cat__Operator_Profile_Operator_I,0.00518930939308193,feature_importance,50
C_future_drop_context_only,C,Random forest,62,cat__Area_Type_Urban,0.0,feature_importance,51
